id;param_short;param_long;config_id;param_type;param_description
1;port navigate Toys;ROI Universal;87410;transmitting;RAM Table
2;Checking Account Landing;Refined Rubber Ball program withdrawal;92894;AI;synthesize
3;Money Market Account invoice;protocol maroon New Jersey;40199;Money Market Account leading-edge;mission-critical matrix system
4;compress RSS;revolutionize Point;67867;Salad;Direct
5;Fantastic Rubber Gloves Pants;global;59531;Branding Versatile models;overriding
6;SMTP;strategize withdrawal;34953;Plaza lavender Wooden;drive Dominican Republic Incredible Soft Towels
7;Usability;Arizona Corporate;80173;deposit;Bedfordshire Garden Niue
8;Rial Omani;Facilitator;60677;reinvent hard drive Buckinghamshire;Shoal
9;Markets Togo;IB Turkish Lira;1510;Barbados Dollar methodologies Cambridgeshire;Money Market Account transition
10;user-facing;Hat user-facing;10909;parse;New Jersey
