id;target_host;job;zone
1;Handcrafted Cotton Soap;Dominica;Baby
2;magnetic Liaison;Incredible;Swedish Krona
3;supply-chains;Liaison deliver;incubate generate
4;virtual green;Orchestrator Point Home Loan Account;target value-added Wyoming
5;contextually-based Gorgeous;SMTP supply-chains Designer;Investment Account
6;generating Savings Account;Director Chips transmitter;driver
7;1080p;Group Manager grey;Towels deposit
8;Borders multi-byte intangible;Checking Account back-end;Bedfordshire
9;Ergonomic;Kansas interactive;Incredible Cotton Keyboard
10;Executive transmit;port;back-end Home Loan Account
